text,label
a gushy episode of m a s h only this time from an asian perspective,0
"a riveting profile of law enforcement , and a visceral , nasty journey into an urban hades",1
"what 's the most positive thing that can be said about the new rob schneider vehicle \? well , it 's not as pathetic as the animal",0
"the movie , despite its rough edges and a tendency to sag in certain places , is wry and engrossing",1
"the streets , shot by cinematographer michael ballhaus , may be as authentic as they are mean , but it is nearly impossible to care about what happens on them",0
friday after next is a lot more bluster than bite,0
staggers between flaccid satire and what is supposed to be madcap farce,0
'alice 's adventure through the looking glass and into zombie land' is filled with strange and wonderful creatures,1
"blue crush has all the trappings of an energetic , extreme sports adventure , but ends up more of a creaky pretty woman retread , with the emphasis on self empowering schmaltz and big wave surfing that gives pic its title an afterthought",0
"a solid , well formed satire",1
"though of particular interest to students and enthusiast of international dance and world music , the film is designed to make viewers of all ages , cultural backgrounds and rhythmic ability want to get up and dance",1
reggio and glass put on an intoxicating show,1
i found the movie as divided against itself as the dysfunctional family it portrays,0
the picture emerges as a surprisingly anemic disappointment,0
"scene by scene , things happen , but you 'd be hard pressed to say what or why",0
the film apparently takes place in a fantasy world where people in hotel hallways recite poetry in voice over instead of speaking to each other,0
predictably melodramatic,0
cq 's reflection of artists and the love of cinema and self suggests nothing less than a new voice that deserves to be considered as a possible successor to the best european directors,1
more concerned with sade 's ideas than with his actions the movie achieves as great an impact by keeping these thoughts hidden as quills did by showing them,1
"adults will certainly want to spend their time in the theater thinking up grocery lists and ways to tell their kids how not to act like pinocchio as for children , they wo n't enjoy the movie at all",0
"i'm not suggesting that you actually see it , unless you 're the kind of person who has seen every wim wenders film of the '70s",0
"it has the charm of the original american road movies , feasting on the gorgeous , ramshackle landscape of the filmmaker 's motherland",1
it 's sweet but just a little bit too precious at the start and a little too familiar at the end,0
"an enjoyable , if occasionally flawed , experiment",1
"national lampoon 's van wilder may aim to be the next animal house , but it more closely resembles this year 's version of tomcats",0
"if there 's one thing this world needs less of , it 's movies about college that are written and directed by people who could n't pass an entrance exam",0
lazily directed by charles stone iii from a leaden script by matthew cirulnick and novelist thulani davis,0
forget the psychology 101 study of romantic obsession and just watch the procession of costumes in castles and this wo n't seem like such a bore,0
"a movie that , rather than skip along the seine , more or less slogs its way through soggy paris , tongue uncomfortably in cheek",0
"this miserable excuse of a movie runs on empty , believing flatbush machismo will get it through",0
"a terrific date movie , whatever your orientation",1
"a farce of a parody of a comedy of a premise , it is n't a comparison to reality so much as it is a commentary about our knowledge of films",0
"like all of egoyan 's work , ararat is fiercely intelligent and uncommonly ambitious",1
"parker holds true to wilde 's own vision of a pure comedy with absolutely no meaning , and no desire to be anything but a polished , sophisticated entertainment that is in love with its own cleverness",1
crystal and de niro manage to squeeze out some good laughs but not enough to make this silly con job sing,0
there 's something poignant about an artist of 90 plus years taking the effort to share his impressions of life and loss and time and art with us,1
all of the filmmakers' calculations ca n't rescue brown sugar from the curse of blandness,0
too contrived to be as naturally charming as it needs to be,0
"patchy combination of soap opera , low tech magic realism and , at times , ploddingly sociological commentary",0
"a predictable , manipulative stinker the story passes time until it 's time for an absurd finale of twisted metal , fireballs and revenge",0
"the waterlogged script plumbs uncharted depths of stupidity , incoherence and sub sophomoric sexual banter",0
"there 's something with potential here , but the movie decides , like lavinia , to go the conservative route",0
a rehash of every gangster movie from the past decade,0
"it 's sobering , particularly if anyone still thinks this conflict can be resolved easily , or soon",1
"the humor is forced and heavy handed , and occasionally simply unpleasant",0
"the tug of war at the core of beijing bicycle becomes weighed down with agonizing contrivances , overheated pathos and long , wistful gazes",0
an intense and effective film about loneliness and the chilly anonymity of the environments where so many of us spend so much of our time,1
"it 's better suited for the history or biography channel , but there 's no arguing the tone of the movie it leaves a bad taste in your mouth and questions on your mind",0
"full of witless jokes , dealing in broad stereotypes and outrageously unbelievable scenarios , and saddled with a general air of misogyny",0
"stevenson 's performance is at once clueless and fiercely committed , a volatile combination",1
"when the painted backdrops in a movie are more alive than its characters , you know you 're in trouble",0
"even if you do n't think kissinger 's any more guilty of criminal activity than most contemporary statesmen , he 'd sure make a courtroom trial great fun to watch",1
"exhilarating , funny and fun",1
the movie is obviously a labour of love so howard appears to have had free rein to be as pretentious as he wanted,0
this 100 minute movie only has about 25 minutes of decent material,0
familiar but utterly delightful,1
"a broad , melodramatic estrogen opera that 's pretty toxic in its own right",0
"manages to be original , even though it rips off many of its ideas",1
intriguing and stylish,1
oddly compelling,1
if sinise 's character had a brain his ordeal would be over in five minutes but instead the plot goes out of its way to introduce obstacles for him to stumble over,0
the iditarod lasts for days this just felt like it did,0
"no one can doubt the filmmakers' motives , but the guys still feels counterproductive",0
"for all the dolorous trim , secretary is a genial romance that maintains a surprisingly buoyant tone throughout , notwithstanding some of the writers' sporadic dips into pop freudianism",1
"it further declares its director , zhang yang of shower , as a boldly experimental , contemporary stylist with a bright future",1
great character interaction,1
"in the real world , an actor this uncharismatically beautiful would have a r sum loaded with credits like girl in bar 3",0
an hour and a half of joyful solo performance,1
"a grating , emaciated flick",0
"a genuinely funny ensemble comedy that also asks its audience in a heartwarming , nonjudgmental kind of way to consider what we value in our daily lives",1
it becomes gimmicky instead of compelling interview loses its overall sense of mystery and becomes a tv episode rather than a documentary that you actually buy into,0
"it 's a testament to the film 's considerable charm that it succeeds in entertaining , despite playing out like a feature length sitcom replete with stereotypical familial quandaries there 's a sheer unbridled delight in the way the story unfurls",1
"in addition to gluing you to the edge of your seat , changing lanes is also a film of freshness , imagination and insight",1
the film is hampered by its predictable plot and paper thin supporting characters,0
stumbles over every cheap trick in the book trying to make the outrage come even easier,0
sits uneasily as a horror picture but finds surprising depth in its look at the binds of a small family,1
a forceful drama of an alienated executive who re invents himself,1
some like it hot on the hardwood proves once again that a man in drag is not in and of himself funny,0
"the movie does its best to work us over , with second helpings of love , romance , tragedy , false dawns , real dawns , comic relief , two separate crises during marriage ceremonies , and the lush scenery of the cotswolds",1
"what 's most memorable about circuit is that it 's shot on digital video , whose tiny camera enables shafer to navigate spaces both large and small with considerable aplomb",1
"watching haneke 's film is , aptly enough , a challenge and a punishment but watching huppert , a great actress tearing into a landmark role , is riveting",1
represents a worthy departure from the culture clash comedies that have marked an emerging indian american cinema,1
leigh succeeds in delivering a dramatic slap in the face that 's simultaneously painful and refreshing,1
"it helps that the central performers are experienced actors , and that they know their roles so well",1
kurys seems intimidated by both her subject matter and the period trappings of this debut venture into the heritage business,0
"the time machine is a movie that has no interest in itself it does n't believe in itself , it has no sense of humor it 's just plain bored",0
"how i killed my father would be a rarity in hollywood it 's an actor 's showcase that accomplishes its primary goal without the use of special effects , but rather by emphasizing the characters including the supporting ones",1
"as a witness to several greek american weddings but , happily , a victim of none i can testify to the comparative accuracy of ms vardalos' memories and insights",1
an annoying orgy of excess and exploitation that has no point and goes nowhere,0
"it 's mighty tedious for the viewer who has to contend with unpleasant characters , hit and miss performances and awkwardly staged scenes",0
its sheer dynamism is infectious,1
it 's hard to believe these jokers are supposed to have pulled off four similar kidnappings before,0
"louiso lets the movie dawdle in classic disaffected indie film mode , and brother hoffman 's script stumbles over a late inning twist that just does n't make sense",0
they should have called it gutterball,0
"the art direction and costumes are gorgeous and finely detailed , and kurys' direction is clever and insightful",1
"the video work is so grainy and rough , so dependent on being 'naturalistic' rather than carefully lit and set up , that it 's exhausting to watch",0
"at its most basic , this cartoon adventure is that wind in the hair exhilarating",1
somehow both wildly implausible and strangely conventional,0
"reggio 's trippy , ambitious downer can also sometimes come across like nothing more than a glorified nike ad",0
"in addition to hoffman 's powerful acting clinic , this is that rare drama that offers a thoughtful and rewarding glimpse into the sort of heartache everyone has felt , or will feel someday",1
"one of the best , most understated performances of jack nicholson 's career",1
"a rock solid gangster movie with a fair amount of suspense , intriguing characters and bizarre bank robberies , plus a heavy dose of father and son dynamics",1
"there may have been a good film in trouble every day , but it is not what is on the screen",0
"without a fresh infusion of creativity , 4ever is neither a promise nor a threat so much as wishful thinking",0
"brown sugar signals director rick famuyiwa 's emergence as an articulate , grown up voice in african american cinema",1
nothing more than a run of the mill action flick,0
"flotsam in the sea of moviemaking , not big enough for us to worry about it causing significant harm and not smelly enough to bother despising",0
"both flawed and delayed , martin scorcese 's gangs of new york still emerges as his most vital work since goodfellas",1
"scooby doo does n't know if it wants to be a retro refitting exercise in campy recall for older fans or a silly , nickelodeon esque kiddie flick",0
this dramatically shaky contest of wills only reiterates the old hollywood saw evil is interesting and good is boring,0
"a breathtaking adventure for all ages , spirit tells its poignant and uplifting story in a stunning fusion of music and images",1
"it 's got the brawn , but not the brains",0
"feels like nothing quite so much as a middle aged moviemaker 's attempt to surround himself with beautiful , half naked women",0
"this time out , sade is an unsettlingly familiar figure in turns loyal and deceitful , responsible and reckless , idealistically selfless and coldly self interested",1
all but the most persnickety preteens should enjoy this nonthreatening but thrilling adventure,1
"the problem with this film is that it lacks focus i sympathize with the plight of these families , but the movie does n't do a very good job conveying the issue at hand",0
like being trapped at a perpetual frat party how can something so gross be so boring \?,0
a passionately inquisitive film determined to uncover the truth and hopefully inspire action,1
the inherent limitations of using a video game as the source material movie are once again made all too clear in this schlocky horror action hybrid,0
"moretti is the rare common man artist who 's wise enough to recognize that there are few things in this world more complex and , as it turns out , more fragile than happiness",1
the first fatal attraction was vile enough do we really need the tiger beat version \?,0
a decidedly mixed bag,0
"sorvino is delightful in the central role she nearly glows with enthusiasm , sensuality and a conniving wit",1
genuinely unnerving,1
zaidan 's script has barely enough plot to string the stunts together and not quite enough characterization to keep the faces straight,0
"this pep talk for faith , hope and charity does little to offend , but if saccharine earnestness were a crime , the film 's producers would be in the clink for life",0
"whenever its story is n't bogged down by idiocy involving the cia and a lost u s satellite , hunter starring irwin and his american wife colleague , terri is a movie children should enjoy",0
"at first , the sight of a blind man directing a film is hilarious , but as the film goes on , the joke wears thin",0
"if a horror movie 's primary goal is to frighten and disturb , then they works spectacularly well a shiver inducing , nerve rattling ride",1
"with zoe clarke williams 's lackluster thriller new best friend , who needs enemies \? just another generic drama that has nothing going for it other than its exploitive array of obligatory cheap thrills",0
too slick and manufactured to claim street credibility,0
the powder blues and sun splashed whites of tunis make an alluring backdrop for this sensuous and spirited tale of a prim widow who finds an unlikely release in belly dancing clubs,1
a thriller without a lot of thrills,0
a poky and pseudo serious exercise in sham actor workshops and an affected malaise,0
contrived pastiche of caper clich s,0
"well made but uninvolving , bloodwork is n't a terrible movie , just a stultifyingly obvious one an unrewarding collar for a murder mystery",0
a little more intensity and a little less charm would have saved this film a world of hurt,0
it 's hard to understand why anyone in his right mind would even think to make the attraction a movie and it 's harder still to believe that anyone in his right mind would want to see the it,0
"the first tunisian film i have ever seen , and it 's also probably the most good hearted yet sensual entertainment i'm likely to see all year",1
all the characters are clinically depressed and have abandoned their slim hopes and dreams,0
"creates a visceral sense of its characters' lives and conflicted emotions that carries it far above what could have been a melodramatic , lifetime channel style anthology",1
"generic slasher movie nonsense , but it 's not without style",0
"frankly , it 's kind of insulting , both to men and women and it 's not that funny which is just generally insulting",0
a charming and funny story of clashing cultures and a clashing mother daughter relationship,1
"the film boasts at least a few good ideas and features some decent performances , but the result is disappointing",0
"maybe leblanc thought , hey , the movie about the baseball playing monkey was worse",0
an instantly forgettable snow and stuntwork extravaganza that likely will be upstaged by an avalanche of more appealing holiday season product,0
"a gorgeous , witty , seductive movie",1
quite endearing,1
"the film has a few cute ideas and several modest chuckles but it is n't exactly kiddie friendly alas , santa is more ho hum than ho ho ho and the snowman \( who never gets to play that flute \) has all the charm of a meltdown",0
murder by numbers just does n't add up,0
"none of this sounds promising and , indeed , the first half of sorority boys is as appalling as any 'comedy' to ever spill from a projector 's lens",0
this time kaufman 's imagination has failed him,0
"despite the film 's bizarre developments , hoffman keeps us riveted with every painful nuance , unexpected flashes of dark comedy and the character 's gripping humanity",1
"paul bettany is good at being the ultra violent gangster wannabe , but the movie is certainly not number 1",0
"a combination of standard , stiff tv style animation and snazzy looking digital effects that do little to disguise the fact that the characters barely move",0
these guys seem great to knock back a beer with but they 're simply not funny performers,0
"love may have been in the air onscreen , but i certainly was n't feeling any of it",0
"the film , while not exactly assured in its execution , is notable for its sheer audacity and openness",1
a series of tales told with the intricate preciseness of the best short story writing,1
one can only assume that the jury who bestowed star hoffman 's brother gordy with the waldo salt screenwriting award at 2002 's sundance festival were honoring an attempt to do something different over actually pulling it off,0
did the film inform and educate me \? yes did it move me to care about what happened in 1915 armenia \? no and that is where ararat went astray,0
"despite the holes in the story and the somewhat predictable plot , moments of the movie caused me to jump in my chair",0
"has enough wit , energy and geniality to please not only the fanatical adherents on either side , but also people who know nothing about the subject and think they 're not interested",1
clooney directs this film always keeping the balance between the fantastic and the believable,1
"a delectable and intriguing thriller filled with surprises , read my lips is an original this is a story of two misfits who do n't stand a chance alone , but together they are magnificent",1
press the delete key,0
an intoxicating experience,1
"the drama was so uninspiring that even a story immersed in love , lust , and sin could n't keep my attention",0
manages to show life in all of its banality when the intention is quite the opposite,0
it would work much better as a one hour tv documentary,0
writer director m night shyamalan 's ability to pull together easily accessible stories that resonate with profundity is undeniable,1
"stuffed to the brim with ideas , american instigator michael moore 's film is a rambling examination of american gun culture that uses his usual modus operandi of crucifixion through juxtaposition",1
"while undercover brother is definitely one for the masses , it 's also full of sharp , smart satire",1
"it 's a glorified sitcom , and a long , unfunny one at that",0
a preposterously melodramatic paean to gang member teens in brooklyn circa 1958,0
"an entertaining british hybrid of comedy , caper thrills and quirky romance",1
"this movie has a strong message about never giving up on a loved one , but it 's not an easy movie to watch and will probably disturb many who see it",1
arguably the year 's silliest and most incoherent movie,0
those with a modicum of patience will find in these characters' foibles a timeless and unique perspective,1
"whether writer director anne fontaine 's film is a ghost story , an account of a nervous breakdown , a trip down memory lane , all three or none of the above , it is as seductive as it is haunting",1
"the actors improvise and scream their way around this movie directionless , lacking any of the rollicking dark humor so necessary to make this kind of idea work on screen",0
you can practically hear george orwell turning over,0
"it establishes its ominous mood and tension swiftly , and if the suspense never rises to a higher level , it is nevertheless maintained throughout",1
you have no affinity for most of the characters nothing about them is attractive what they see in each other also is difficult to fathom,0
"rain is a small treasure , enveloping the viewer in a literal and spiritual torpor that is anything but cathartic",1
its rawness and vitality give it considerable punch,1
"a brisk , reverent , and subtly different sequel",1
"the piano teacher , like its title character , is repellantly out of control",0
what elevates the movie above the run of the mill singles blender is its surreal sense of humor and technological finish,1
vile and tacky are the two best adjectives to describe ghost ship,0
"massoud 's story is an epic , but also a tragedy , the record of a tenacious , humane fighter who was also the prisoner \( and ultimately the victim \) of history",1
"despite some comic sparks , welcome to collinwood never catches fire",0
"his comedy premises are often hackneyed or just plain crude , calculated to provoke shocked laughter , without following up on a deeper level",0
the movie is ingenious fun see it,1
wow i have not been this disappointed by a movie in a long time,0
a moody horror thriller elevated by deft staging and the director 's well known narrative gamesmanship,1
a dreary rip off of goodfellas that serves as a muddled and offensive cautionary tale for hispanic americans,0
a hamfisted romantic comedy that makes our girl the hapless facilitator of an extended cheap shot across the mason dixon line,0
offers enough playful fun to entertain the preschool set while embracing a wholesome attitude,1
"there 's no denying the elaborateness of the artist 's conceptions , nor his ability to depict them with outrageous elan , but really the whole series is so much pretentious nonsense , lavishly praised by those who equate obscurity with profundity",0
"gosling creates a staggeringly compelling character , a young man whose sharp intellect is at the very root of his contradictory , self hating , self destructive ways",1
this is no waterboy !,0
"lazy , miserable and smug this is one of the biggest disappointments of the year",0
"i'm sure the filmmakers found this a remarkable and novel concept , but anybody who has ever seen an independent film can report that it is instead a cheap clich",0
a confusing drudgery,0
"some elements of it really blow the big one , but other parts are decent",0
"given how heavy handed and portent heavy it is , this could be the worst thing soderbergh has ever done",0
could easily be called the best korean film of 2002,1
it has all the excitement of eating oatmeal,0
"ultimately , the film amounts to being lectured to by tech geeks , if you 're up for that sort of thing",0
"what remains is a variant of the nincompoop benigni persona , here a more annoying , though less angry version of the irresponsible sandlerian manchild , undercut by the voice of the star of road trip",0
a startling and fresh examination of how the bike still remains an ambiguous icon in chinese society,1
real women have curves does n't offer any easy answers,1
"one of those energetic surprises , an original that pleases almost everyone who sees it",1
"full of profound , real life moments that anyone can relate to , it deserves a wide audience",1
"funny , somber , absurd , and , finally , achingly sad , bartleby is a fine , understated piece of filmmaking",1
a stale retread of the '53 original,0
what frei gives us is a man who uses the damage of war far more often than the warfare itself to create the kind of art shots that fill gallery shows,0
"the aaa of action , xxx is a blast of adrenalin , rated eee for excitement and vin diesel is the man",1
"a fun little timewaster , helped especially by the cool presence of jean reno",1
"a hypnotic portrait of this sad , compulsive life",1
"what is 100 missing here is a script of even the most elemental literacy , an inkling of genuine wit , and anything resembling acting",0
amazingly dopey,0
rosenthal \( halloween ii \) seems to have forgotten everything he ever knew about generating suspense,0
"a sly female empowerment movie , although not in a way anyone would expect",1
it 's a rare window on an artistic collaboration,1
is it a comedy \? a drama \? a romance \? a cartoon \?,0
"it 's a square , sentimental drama that satisfies , as comfort food often can",1
"an even more predictable , cliche ridden endeavor than its predecessor",0
this flat run at a hip hop tootsie is so poorly paced you could fit all of pootie tang in between its punchlines,0
"shainberg weaves a carefully balanced scenario that is controlled by neither character , is weirdly sympathetic to both and manages to be tender and darkly comic",1
"this re do is so dumb and so exploitative in its violence that , ironically , it becomes everything that the rather clumsy original was railing against",0
"i was hoping that it would be sleazy and fun , but it was neither",0
most of the dialogue made me want to pack raw dough in my ears,0
"davis wants to cause his audience an epiphany , yet he refuses to give us real situations and characters",0
"an eerily suspenseful , deeply absorbing piece that works as a treatise on spirituality as well as a solid sci fi thriller",1
cho continues her exploration of the outer limits of raunch with considerable brio,1
suffers from a flat script and a low budget,0
"not as good as the full monty , but a really strong second effort",1
an extraordinary swedish film about the soul adventure of marriage the kind of intimate and character driven film that bille august does best,1
"a static and sugary little half hour , after school special about interfaith understanding , stretched out to 90 minutes",0
"even on those rare occasions when the narrator stops yammering , miller 's hand often feels unsure",0
"if it were any more of a turkey , it would gobble in dolby digital stereo if nothing else , rollerball 2002 may go down in cinema history as the only movie ever in which the rest of the cast was outshined by ll cool j",0
"mckay seems embarrassed by his own invention and tries to rush through the intermediary passages , apparently hoping that the audience will not notice the glaring triteness of the plot device he has put in service",0
this long and relentlessly saccharine film is a clear case of preaching to the converted,0
"visually , 'santa clause 2' is wondrously creative",1
"the characters , cast in impossibly contrived situations , are totally estranged from reality",0
robert harmon 's less is more approach delivers real bump in the night chills his greatest triumph is keeping the creepy crawlies hidden in the film 's thick shadows,1
"a muckraking job , the cinematic equivalent of a legal indictment , and a fairly effective one at that",1
schrader examines crane 's decline with unblinking candor,1
is an arthritic attempt at directing by callie khouri i had to look away this was god awful,0
"the actresses may have worked up a back story for the women they portray so convincingly , but viewers do n't get enough of that background for the characters to be involving as individuals rather than types",0
"it is life affirming and heartbreaking , sweet without the decay factor , funny and sad",1
what an embarrassment,0
"jir hubac 's script is a gem his characters are engaging , intimate and the dialogue is realistic and greatly moving the scope of the silberstein family is large and we grow attached to their lives , full of strength , warmth and vitality",1
"boldly engineering a collision between tawdry b movie flamboyance and grandiose spiritual anomie , rose 's film , true to its source material , provides a tenacious demonstration of death as the great equalizer",1
"katz uses archival footage , horrifying documents of lynchings , still photographs and charming old reel to reel recordings of meeropol entertaining his children to create his song history , but most powerful of all is the song itself",1
there is a strong directorial stamp on every frame of this stylish film that is able to visualize schizophrenia but is still confident enough to step back and look at the sick character with a sane eye,1
culkin turns his character into what is basically an anti harry potter right down to the gryffindor scarf,0
done in mostly by a weak script that ca n't support the epic treatment,0
"the first mistake , i suspect , is casting shatner as a legendary professor and kunis as a brilliant college student where 's pauly shore as the rocket scientist \?",0
"this is a movie filled with unlikable , spiteful idiots whether or not their friendship is salvaged makes no difference in the least",0
"branagh , in his most forceful non shakespeare screen performance , grounds even the softest moments in the angry revolt of his wit",1
"it may not be particularly innovative , but the film 's crisp , unaffected style and air of gentle longing make it unexpectedly rewarding",1
you can thank me for this i saw juwanna mann so you do n't have to,0
"a loud , ugly , irritating movie without any of its satirical salvos hitting a discernible target",0
"as spent screen series go , star trek nemesis is even more suggestive of a 65th class reunion mixer where only eight surviving members show up and there 's nothing to drink",0
it 's hard not to feel you 've just watched a feature length video game with some really heavy back story,0
"sandra bullock , despite downplaying her good looks , carries a little too much ai n't she cute baggage into her lead role as a troubled and determined homicide cop to quite pull off the heavy stuff",0
"portentous and pretentious , the weight of water is appropriately titled , given the heavy handedness of it drama",0
most of the movie is so deadly dull that watching the proverbial paint dry would be a welcome improvement,0
"occasionally melodramatic , it 's also extremely effective",1
"the laser projected paintings provide a spell casting beauty , while russell and dreyfus are a romantic pairing of hearts , preciously exposed as history corners them",1
"barney 's ideas about creation and identity do n't really seem all that profound , at least by way of what can be gleaned from this three hour endurance test built around an hour 's worth of actual material",0
"sodden and glum , even in those moments where it 's supposed to feel funny and light",0
those who do n't entirely 'get' godard 's distinctive discourse will still come away with a sense of his reserved but existential poignancy,1
the script was reportedly rewritten a dozen times either 11 times too many or else too few,0
what more can be expected from a college comedy that 's target audience has n't graduated from junior high school \?,0
"it cuts to the core of what it actually means to face your fears , to be a girl in a world of boys , to be a boy truly in love with a girl , and to ride the big metaphorical wave that is life wherever it takes you",1
"a film neither bitter nor sweet , neither romantic nor comedic , neither warm nor fuzzy",0
"a passable romantic comedy , in need of another couple of passes through the word processor",0
"a summary of the plot does n't quite do justice to the awfulness of the movie , for that comes through all too painfully in the execution",0
"the movie is a desperate miscalculation it gives poor dana carvey nothing to do that is really funny , and then expects us to laugh because he acts so goofy all the time",0
"no amount of arty theorizing the special effects are 'german expressionist , ' according to the press notes can render it anything but laughable",0
"fred schepisi 's film is paced at a speed that is slow to those of us in middle age and deathly slow to any teen with a cast of a list brit actors , it is worth searching out",1
"symbolically , warm water under a red bridge is a celebration of feminine energy , a tribute to the power of women to heal",1
"first time writer director serry shows a remarkable gift for storytelling with this moving , effective little film",1
"whatever the movie 's sentimental , hypocritical lessons about sexism , its true colors come out in various wet t shirt and shower scenes",0
"while the film is not entirely successful , it still manages to string together enough charming moments to work",1
"falsehoods pile up , undermining the movie 's reality and stifling its creator 's comic voice",0
"a beyond lame satire , teddy bears' picnic ranks among the most pitiful directing debuts by an esteemed writer actor",0
remember when bond had more glamour than clamor \? no more,0
"a movie that , quite simply , should n't have been made",0
a bad movie that happened to good actors,0
"a film of epic scale with an intimate feeling , a saga of the ups and downs of friendships",1
"a formula family tearjerker told with a heavy irish brogue accentuating , rather than muting , the plot 's saccharine thrust",0
reaches wholly believable and heart wrenching depths of despair,1
"a waterlogged version of 'fatal attraction' for the teeny bopper set a sad , soggy potboiler that wastes the talents of its attractive young leads",0
it 's rare that a movie can be as intelligent as this one is in every regard except its storyline everything that 's good is ultimately scuttled by a plot that 's just too boring and obvious,0
"it smacks of purely commercial motivation , with no great love for the original",0
it made me want to wrench my eyes out of my head and toss them at the screen,0
brian tufano 's handsome widescreen photography and paul grabowsky 's excellent music turn this fairly parochial melodrama into something really rather special,1
"a hard look at one man 's occupational angst and its subsequent reinvention , a terrifying study of bourgeois desperation worthy of claude chabrol",1
do n't be fooled by the impressive cast list eye see you is pure junk,0
"i wish i could say thank god it 's friday , but the truth of the matter is i was glad when it was over",0
"it 's not only dull because we 've seen eddie murphy do the genial rogue shtick to death , but because the plot is equally hackneyed",0
a small movie with a big impact,1
"directors john musker and ron clements , the team behind the little mermaid , have produced sparkling retina candy , but they are n't able to muster a lot of emotional resonance in the cold vacuum of space",0
it 's made with deftly unsettling genre flair,1
"they crush each other under cars , throw each other out windows , electrocute and dismember their victims in full consciousness and we do n't avert our eyes for a moment",1
"there 's no real reason to see it , and no real reason not to",0
a delirious celebration of the female orgasm,1
a mesmerizing cinematic poem from the first frame to the last,1
what could have been right at home as a nifty plot line in steven soderbergh 's traffic fails to arrive at any satisfying destination,0
"rich in atmosphere of the post war art world , it manages to instruct without reeking of research library dust",1
brilliantly explores the conflict between following one 's heart and following the demands of tradition,1
a strangely compelling and brilliantly acted psychological drama,1
"fear permeates the whole of stortelling , todd solondz' oftentimes funny , yet ultimately cowardly autocritique",0
cho 's fans are sure to be entertained it 's only fair in the interest of full disclosure to say that on the basis of this film alone i'm not one of them,0
"hilarious , acidic brit comedy",1
"all three actresses are simply dazzling , particularly balk , who 's finally been given a part worthy of her considerable talents",1
"the tuxedo was n't just bad it was , as my friend david cross would call it , 'hungry man portions of bad'",0
"the film benefits greatly from a less manic tone than its predecessor , as cho appears to have settled comfortably into her skin",1
"an unforgettable look at morality , family , and social expectation through the prism of that omnibus tradition called marriage",1
"feels haphazard , as if the writers mistakenly thought they could achieve an air of frantic spontaneity by simply tossing in lots of characters doing silly stuff and stirring the pot",0
"nearly surreal , dabbling in french , this is no simple movie , and you 'll be taking a risk if you choose to see it i enjoyed the ride \( bumps and all \) , creamy depth , and ultimate theme",1
"merely as a technical , logistical feat , russian ark marks a cinematic milestone",1
a generic international version of a typical american horror film,0
marvelously entertaining and deliriously joyous documentary,1
"be forewarned , if you 're depressed about anything before watching this film , you may just end up trying to drown yourself in a lake afterwards",0
"a breezy romantic comedy that has the punch of a good sitcom , while offering exceptionally well detailed characters",1
a fascinating case study of flower power liberation and the price that was paid for it,1
the film is darkly funny in its observation of just how much more grueling and time consuming the illusion of work is than actual work,1
"what madonna does here ca n't properly be called acting more accurately , it 's moving and it 's talking and it 's occasionally gesturing , sometimes all at once",0
"eddie murphy and owen wilson have a cute partnership in i spy , but the movie around them is so often nearly nothing that their charm does n't do a load of good",0
"frida is certainly no disaster , but neither is it the kahlo movie frida fans have been looking for",0
"the movie takes itself too seriously and , as a result , it makes for only intermittent fun",0
it 's not too fast and not too slow it 's not too racy and it 's not too offensive it 's not too much of anything,0
the most anti human big studio picture since 3000 miles to graceland,0
this is the kind of movie where people who have never picked a lock do so easily after a few tries and become expert fighters after a few weeks,0
"serviceable at best , slightly less than serviceable at worst",0
"the film would work much better as a video installation in a museum , where viewers would be free to leave immediately",0
"good , solid storytelling",1
barely goes beyond comic book status,0
"payne has created a beautiful canvas , and nicholson proves once again that he 's the best brush in the business",1
seagal is painfully foolish in trying to hold onto what 's left of his passe' chopsocky glory,0
fred schepisi 's tale of four englishmen facing the prospect of their own mortality views youthful affluence not as a lost ideal but a starting point,1
"it 's a lot to ask people to sit still for two hours and change watching such a character , especially when rendered in as flat and impassive a manner as phoenix 's",0
this flick is about as cool and crowd pleasing as a documentary can get,1
i 'd be hard pressed to think of a film more cloyingly sappy than evelyn this year,0
this is the type of movie best enjoyed by frat boys and college kids while sucking on the bong and downing one alcoholic beverage after another,0
"while there 's something intrinsically funny about sir anthony hopkins saying 'get in the car , bitch , ' this jerry bruckheimer production has little else to offer",0
like the chelsea 's denizens burdette 's collage form scenario tends to over romanticize the spiritual desolation of the struggling artiste,0
"as part of mr dong 's continuing exploration of homosexuality in america , family fundamentals is an earnest study in despair",1
if only merchant paid more attention the story,0
a truly wonderful tale combined with stunning animation,1
"twenty years after its first release , e t remains the most wondrous of all hollywood fantasies and the apex of steven spielberg 's misunderstood career",1
"a tired , predictable , bordering on offensive , waste of time , money and celluloid",0
astonishingly skillful and moving it could become a historically significant work as well as a masterfully made one,1
"gangs , despite the gravity of its subject matter , is often as fun to watch as a good spaghetti western",1
"the vintage is pure '87 , with a halfhearted twist on its cautionary message fatal attraction do n't have an affair with a nutjob unfaithful do n't if you 're married to one",0
"writer director walter hill and co writer david giler try to create characters out of the obvious cliches , but wind up using them as punching bags",0
staggeringly dreadful romance,0
westbrook makes a wonderful subject for the camera,1
"does n't deliver a great story , nor is the action as gripping as in past seagal films",0
"there are things to like about murder by numbers but , in the end , the disparate elements do n't gel",0
"time is a beautiful film to watch , an interesting and at times captivating take on loss and loneliness",1
"lucas has in fact come closer than anyone could desire to the cheap , graceless , hackneyed sci fi serials of the '30s and '40s",0
"anyone who welcomes a dash of the avant garde fused with their humor should take pleasure in this crazed , joyous romp of a film",1
maudlin and melodramatic we expected boring we did n't,0
"formulaic to the 51st power , more like",0
there are moments it can be heart rending in an honest and unaffected \( and gentle \) way,1
cut through the layers of soap opera emotion and you find a scathing portrayal of a powerful entity strangling the life out of the people who want to believe in it the most,1
too simple for its own good,0
"despite suffering a sense of humour failure , the man who wrote rocky does not deserve to go down with a ship as leaky as this",0
"long after you leave justine , you 'll be wondering what will happen to her and wishing her the best whatever that might mean",1
"a subtle , humorous , illuminating study of politics , power and social mobility",1
"skins has a desolate air , but eyre , a native american raised by white parents , manages to infuse the rocky path to sibling reconciliation with flashes of warmth and gentle humor",1
"as antonia is assimilated into this newfangled community , the film settles in and becomes compulsively watchable in a guilty pleasure , daytime drama sort of fashion",1
"it 's rare to find a film that dazzles the eye , challenges the brain , and satisfies our lust for fast paced action , but minority report delivers all that and a whole lot more",1
little is done to support the premise other than fling gags at it to see which ones shtick,0
transforms one of shakespeare 's deepest tragedies into a smart new comedy,1
"a movie that both thrills the eye and , in its over the top way , touches the heart",1
"a memorable experience that , like many of his works , presents weighty issues colorfully wrapped up in his own idiosyncratic strain of kitschy goodwill",1
"while we want macdowell 's character to retrieve her husband , we have to ask whether her personal odyssey trumps the carnage that claims so many lives around her",0
by turns very dark and very funny,1
"only an epic documentary could get it all down , and spike lee 's jim brown all american at long last gives its subject a movie worthy of his talents",1
has a lot of the virtues of eastwood at his best,1
"visually breathtaking , viscerally exciting , and dramatically moving , it 's the very definition of epic adventure",1
"this mild mannered farce , directed by one of its writers , john c walsh , is corny in a way that bespeaks an expiration date passed a long time ago",0
"gosling 's combination of explosive physical energy and convincing intelligence helps create a complex , unpredictable character",1
this off putting french romantic comedy is sure to test severely the indulgence of fans of am lie,0
"finally coming down off of miramax 's deep shelves after a couple of aborted attempts , waking up in reno makes a strong case for letting sleeping dogs lie",0
"a compelling , moving film that respects its audience and its source material",1
"at 90 minutes this movie is short , but it feels much longer",0
one of those exceedingly rare films in which the talk alone is enough to keep us involved,1
"the film might have been more satisfying if it had , in fact , been fleshed out a little more instead of going for easy smiles",0
"although trying to balance self referential humor and a normal ol' slasher plot seemed like a decent endeavor , the result does n't fully satisfy either the die hard jason fans or those who can take a good joke",0
"this illuminating documentary transcends our preconceived vision of the holy land and its inhabitants , revealing the human complexities beneath",1
"a sleep inducingly slow paced crime drama with clumsy dialogue , heavy handed phoney feeling sentiment , and an overly familiar set of plot devices",0
"when in doubt , the film ratchets up the stirring soundtrack , throws in a fish out of water gag and lets the cliched dialogue rip or else a doggie winks",0
"ryosuke has created a wry , winning , if languidly paced , meditation on the meaning and value of family",1
"ultimately too repellent to fully endear itself to american art house audiences , but it is notable for its stylistic austerity and forcefulness",1
"flat , misguided comedy",0
"it does n't make for great cinema , but it is interesting to see where one 's imagination will lead when given the opportunity",1
"like being trapped inside a huge video game , where exciting , inane images keep popping past your head and the same illogical things keep happening over and over again",0
"h ad i suffered and bled on the hard ground of ia drang , i 'd want something a bit more complex than we were soldiers to be remembered by",0
"they 're going through the motions , but the zip is gone",0
"godard has never made a more sheerly beautiful film than this unexpectedly moving meditation on love , history , memory , resistance and artistic transcendence",1
a half assed film,0
"ultimately , sarah 's dedication to finding her husband seems more psychotic than romantic , and nothing in the movie makes a convincing case that one woman 's broken heart outweighs all the loss we witness",0
"a gracious , eloquent film that by its end offers a ray of hope to the refugees able to look ahead and resist living in a past forever lost",1
the thrill is \( long \) gone,0
really dumb but occasionally really funny,0
a keep 'em guessing plot and an affectionate take on its screwed up characters,1
this goofy gangster yarn never really elevates itself from being yet another earnestly generic crime busting comic vehicle a well intentioned remake that shows some spunk and promise but fails to register as anything distinctive or daring,0
"the overall result is an intelligent , realistic portrayal of testing boundaries",1
"no charm , no laughs , no fun , no reason to watch",0
a limp eddie murphy vehicle that even he seems embarrassed to be part of,0
"yes they can swim , the title is merely anne sophie birot 's off handed way of saying girls find adolescence difficult to wade through",0
this is one of those war movies that focuses on human interaction rather than battle and action sequences and it 's all the stronger because of it,1
tries so hard to be quirky and funny that the strain is all too evident,0
"more honest about alzheimer 's disease , i think , than iris",1
one of the more glaring signs of this movie 's servitude to its superstar is the way it skirts around any scenes that might have required genuine acting from ms spears,0
a high spirited buddy movie about the reunion of berlin anarchists who face arrest 15 years after their crime,1
"a movie that will surely be profane , politically charged music to the ears of cho 's fans",1
"as aimless as an old pickup skidding completely out of control on a long patch of black ice , the movie makes two hours feel like four",0
matches neorealism 's impact by showing the humanity of a war torn land filled with people who just want to live their lives,1
"the film fits into a genre that has been overexposed , redolent of a thousand cliches , and yet remains uniquely itself , vibrant with originality",1
"all right , so it 's not a brilliant piece of filmmaking , but it is a funny \( sometimes hilarious \) comedy with a deft sense of humor about itself , a playful spirit and a game cast",1
davis is so enamored of her own creation that she ca n't see how insufferable the character is,0
"somehow we 're meant to buy that this doting mother would shun her kids , travel to one of the most dangerous parts of the world , don fatigues and become g i jane",0
the fly on the wall method used to document rural french school life is a refreshing departure from the now more prevalent technique of the docu makers being a visible part of their work,1
"while puerile men dominate the story , the women shine",1
winds up feeling like lots of other quirky movies that try to score hipness points with young adults,0
a film about female friendship that men can embrace and women will talk about for hours,1
a stylish thriller,1
routine and rather silly,0
"a mature , deeply felt fantasy of a director 's travel through 300 years of russian history",1
"green might want to hang onto that ski mask , as robbery may be the only way to pay for his next project",0
"the holes in this film remain agape holes punched through by an inconsistent , meandering , and sometimes dry plot",0
an interesting slice of history,1
"bisset delivers a game performance , but she is unable to save the movie",0
"it 's still adam sandler , and it 's not little nicky and for many of us , that 's good enough",1
"the master of disguise may have made a great saturday night live sketch , but a great movie it is not",0
"a shambles of a movie visually unattractive , unbearably loud and utterly silly its hilarity is completely unintentional",0
the mushy finale turns john q into a movie of the week tearjerker,0
"liman , of swingers and go , makes his big budget action film debut something of a clunker as he delivers a long , low heat chase , interrupted by a middling car chase",0
"adrift , bentley and hudson stare and sniffle , respectively , as ledger attempts , in vain , to prove that movie star intensity can overcome bad hair design",0
one of the year 's most weirdly engaging and unpredictable character pieces,1
"though writer director bart freundlich 's film ultimately becomes a simplistic story about a dysfunctional parent child relationship , it has some special qualities and the soulful gravity of crudup 's anchoring performance",1
a pretentious and ultimately empty examination of a sick and evil woman,0
"the 3d images only enhance the film 's otherworldly quality , giving it a strange combo of you are there closeness with the disorienting unreality of the seemingly broken down fourth wall of the movie screen",1
there 's only one way to kill michael myers for good stop buying tickets to these movies,0
the hanukkah spirit seems fried in pork,0
"la cinta comienza intentando ser un drama , r pidamente se transforma en una comedia y termina por ser una parodia absolutamente predecible",0
with its parade of almost perpetually wasted characters margarita feels like a hazy high that takes too long to shake,0
highly watchable stuff,1
a terrible movie that some people will nevertheless find moving,0
most of the things that made the original men in black such a pleasure are still there,1
"familiar and predictable , and 4 5ths of it might as well have come from a xerox machine rather than \( writer director \) franc reyes' word processor",0
"the people in abc africa are treated as docile , mostly wordless ethnographic extras",0
those outside show business will enjoy a close look at people they do n't really want to know,1
"the tasteful little revision works wonders , enhancing the cultural and economic subtext , bringing richer meaning to the story 's morals",1
"femme fatale offers nothing more than a bait and switch that is beyond playing fair with the audience are we dealing with dreams , visions or being told what actually happened as if it were the third ending of clue \?",0
"dong makes a valiant effort to understand everyone 's point of view , and he does such a good job of it that family fundamentals gets you riled up",1
as saccharine as it is disposable,0
a sequel that 's much too big for its britches,0
stale and uninspired,0
"schaeffer has to find some hook on which to hang his persistently useless movies , and it might as well be the resuscitation of the middle aged character",0
"jagger , stoppard and director michael apted deliver a riveting and surprisingly romantic ride",1
"the movie is concocted and carried out by folks worthy of scorn , and the nicest thing i can say is that i ca n't remember a single name responsible for it",0
"despite its floating narrative , this is a remarkably accessible and haunting film",1
"well written , nicely acted and beautifully shot and scored , the film works on several levels , openly questioning social mores while ensnaring the audience with its emotional pull",1
"the story suffers a severe case of oversimplification , superficiality and silliness",0
"may be far from the best of the series , but it 's assured , wonderfully respectful of its past and thrilling enough to make it abundantly clear that this movie phenomenon has once again reinvented itself for a new generation",1
"the pianist is a supremely hopeful cautionary tale of war 's madness remembered that we , today , can prevent its tragic waste of life here is a divine monument to a single man 's struggle to regain his life , his dignity and his music",1
"this is surely one of the most frantic , virulent and foul natured christmas season pics ever delivered by a hollywood studio",0
the plot is romantic comedy boilerplate from start to finish,0
completely awful iranian drama as much fun as a grouchy ayatollah in a cold mosque,0
knows how to make our imagination wonder,1
"even in terms of the low grade cheese standards on which it operates , it never quite makes the grade as tawdry trash",0
"director elie chouraqui , who co wrote the script , catches the chaotic horror of war , but why bother if you 're going to subjugate truth to the tear jerking demands of soap opera \?",0
"the misery of these people becomes just another voyeuristic spectacle , to be consumed and forgotten",0
"makes for some truly odd , at times confusing , kids entertainment but at least this time there 's some centered storytelling to go along with all the weird stuff",0
quite good at providing some good old fashioned spooks,1
wallace seems less like he 's been burning to tell a war story than he 's been itching to somehow tack one together,0
"it 's clear the filmmakers were n't sure where they wanted their story to go , and even more clear that they lack the skills to get us to this undetermined destination",0
"by taking entertainment tonight subject matter and giving it humor and poignancy , auto focus becomes both gut bustingly funny and crushingly depressing",1
"time stands still in more ways that one in clockstoppers , a sci fi thriller as lazy as it is interminable",0
allen 's underestimated charm delivers more goodies than lumps of coal,1
"colorful , energetic and sweetly whimsical the rare sequel that 's better than its predecessor",1
"the trinity assembly approaches the endeavor with a shocking lack of irony , and george ratliff 's documentary , hell house , reflects their earnestness which makes for a terrifying film",1
animated drivel meant to enhance the self image of drooling idiots,0
the whole affair is as predictable as can be,0
"broomfield is energized by volletta wallace 's maternal fury , her fearlessness , and because of that , his film crackles",1
"mr deeds is not really a film as much as it is a loose collection of not so funny gags , scattered moments of lazy humor",0
is n't it a bit early in his career for director barry sonnenfeld to do a homage to himself \? and it 's a lousy one at that,0
"the best didacticism is one carried by a strong sense of humanism , and bertrand tavernier 's oft brilliant safe conduct \( laissez passer \) wears its heart on its sleeve",1
"despite the pyrotechnics , narc is strictly by the book",0
dripping with cliche and bypassing no opportunity to trivialize the material,0
pray 's film works well and will appeal even to those who are n't too familiar with turntablism,1
"were dylan thomas alive to witness first time director ethan hawke 's strained chelsea walls , he might have been tempted to change his landmark poem to , 'do not go gentle into that good theatre '",0
now i can see why people thought i was too hard on the mothman prophecies,0
"never having seen the first two films in the series , i ca n't compare friday after next to them , but nothing would change the fact that what we have here is a load of clams left in the broiling sun for a good three days",0
eight legged freaks \? no big hairy deal,0
"writer director 's mehta 's effort has tons of charm and the whimsy is in the mixture , the intoxicating masala , of cultures and film genres",1
"so routine , familiar and predictable , it raises the possibility that it wrote itself as a newly automated final draft computer program",0
"stands as one of the year 's most intriguing movie experiences , letting its imagery speak for it while it forces you to ponder anew what a movie can be",1
"william shatner , as a pompous professor , is the sole bright spot",0
"twist open the ouzo ! it 's time to let your hair down greek style a vibrant whirlwind of love , family and all that goes with it , my big fat greek wedding is a non stop funny feast of warmth , colour and cringe",1
how anyone over the age of 2 can stomach the touchy feely message this preachy produce promotes is beyond us,0
"manipulative claptrap , a period piece movie of the week , plain old blarney take your pick all three descriptions suit evelyn , a besotted and obvious drama that tells us nothing new",0
manages to be both hugely entertaining and uplifting,1
"though there are entertaining and audacious moments , the movie 's wildly careening tone and an extremely flat lead performance do little to salvage this filmmaker 's flailing reputation",0
"the filmmakers want nothing else than to show us a good time , and in their cheap , b movie way , they succeed",1
"simple , poignant and leavened with humor , it 's a film that affirms the nourishing aspects of love and companionship",1
"the pacing is glacial , the screenplay is stiff as a board , and things heat up only in the movie 's final scenes",0
creepy but ultimately unsatisfying thriller,0
catch it if you can !,1
featherweight romantic comedy has a few nice twists in a standard plot and the charisma of hugh grant and sandra bullock,1
"instead of letting the laughs come as they may , lawrence unleashes his trademark misogyny er , comedy like a human volcano or an overflowing septic tank , take your pick",0
miller has crafted an intriguing story of maternal instincts and misguided acts of affection,1
"it 's not hateful it 's simply stupid , irrelevant and deeply , truly , bottomlessly cynical",0
its one sidedness flirts with propaganda,0
"a frustrating 'tweener' too slick , contrived and exploitative for the art houses and too cynical , small and decadent for the malls",0
"a vile , incoherent mess a scummy ripoff of david cronenberg 's brilliant 'videodrome '",0
i do n't think i 've been as entranced and appalled by an asian film since shinya tsukamoto 's iron man,1
"not a cheap slasher flick , as the subject matter would suggest , but is a little like a nature film , showing a patient predator and his foolish prey",0
"so earnest and well meaning , and so stocked with talent , that you almost forget the sheer , ponderous awfulness of its script",0
"hashiguchi vividly captures the way young japanese live now , chafing against their culture 's manic mix of millennial brusqueness and undying , traditional politesse",1
it 's a mystery how the movie could be released in this condition,0
"mesmerizing , an eye opening tour of modern beijing culture in a journey of rebellion , retreat into oblivion and return",1
will probably be one of those movies barely registering a blip on the radar screen of 2002,0
"so clich d that , at one point , they literally upset an apple cart",0
blanchett 's performance confirms her power once again,1
"buy is an accomplished actress , and this is a big , juicy role",1
"scherfig , who has had a successful career in tv , tackles more than she can handle",0
mais um momento inspirado de david fincher,1
while mcfarlane 's animation lifts the film firmly above the level of other coming of age films it 's also so jarring that it 's hard to get back into the boys' story,1
"daring , mesmerizing and exceedingly hard to forget",1
a collage of clich s and a dim echo of allusions to other films,0
it 's a sometimes interesting remake that does n't compare to the brilliant original,0
the movie itself appears to be running on hypertime in reverse as the truly funny bits get further and further apart,0
"in the telling of a story largely untold , bui chooses to produce something that is ultimately suspiciously familiar",0
possibly the most irresponsible picture ever released by a major film studio,0
"it 's crafty , energetic and smart the kid is sort of like a fourteen year old ferris bueller",1
no telegraphing is too obvious or simplistic for this movie,0
"as a director , paxton is surprisingly brilliant , deftly sewing together what could have been a confusing and horrifying vision into an intense and engrossing head trip",1
rates an 'e' for effort and a 'b' for boring,0
"the movie is full of fine performances , led by josef bierbichler as brecht and monica bleibtreu as helene weigel , his wife",1
the cast is uniformly excellent and relaxed,1
a ragbag of cliches,0
"wickedly funny , visually engrossing , never boring , this movie challenges us to think about the ways we consume pop culture",1
ecks this one off your must see list,0
"it 's weird , wonderful , and not necessarily for kids",1
"for every articulate player , such as skateboarder tony hawk or bmx rider mat hoffman , are about a half dozen young turks angling to see how many times they can work the words radical or suck into a sentence",0
"it 's a brave attempt to tap into the heartbeat of the world , a salute to the universal language of rhythm and a zippy sampling of sounds",1
"the story is predictable , the jokes are typical sandler fare , and the romance with ryder is puzzling",0
norton is magnetic as graham,1
"i'm not sure which half of dragonfly is worse the part where nothing 's happening , or the part where something 's happening , but it 's stupid",0
a film so tedious that it is impossible to care whether that boast is true or not,0
"the genius of the work speaks volumes , offering up a hallucinatory dreamscape that frustrates and captivates",1
"good car chases , great fight scenes , and a distinctive blend of european , american and asian influences",1
"for all its alleged youthful fire , xxx is no less subservient to bond 's tired formula of guns , girls and gadgets while brandishing a new action hero",0
little more than a well acted television melodrama shot for the big screen,0
a sustained fest of self congratulation between actor and director that leaves scant place for the viewer,0
"however sincere it may be , the rising place never quite justifies its own existence",0
"there 's a persistent theatrical sentiment and a woozy quality to the manner of the storytelling , which undercuts the devastatingly telling impact of utter loss personified in the film 's simple title",0
amari has dressed up this little parable in a fairly irresistible package full of privileged moments and memorable performances,1
a glossy knock off of a b movie revenge flick,0
"a profoundly stupid affair , populating its hackneyed and meanspirited storyline with cardboard characters and performers who value cash above credibility",0
"unspeakable , of course , barely begins to describe the plot and its complications vulgar is too optimistic a title",0
"' hopkins does n't so much phone in his performance as fax it no , even that 's too committed he gets his secretary to fax it",0
a film that is a portrait of grace in an imperfect world,1
"the vivid lead performances sustain interest and empathy , but the journey is far more interesting than the final destination",1
jeffs has created a breathtakingly assured and stylish work of spare dialogue and acute expressiveness,1
"director peter jackson and his crew have so steeped themselves in the majesty of tolkien 's writing that every frame produces new joys , whether you 're a fan of the books or not",1
the innocence of holiday cheer ai n't what it used to be,0
an uneven film dealing with too many problems to be taken seriously,0
the story alone could force you to scratch a hole in your head,0
"like life on the island , the movie grows boring despite the scenery",0
"if you think that jennifer lopez has shown poor judgment in planning to marry ben affleck , wait till you see maid in manhattan",0
as giddy and whimsical and relevant today as it was 270 years ago,1
"a film centering on a traditional indian wedding in contemporary new delhi may not sound like specialized fare , but mira nair 's film is an absolute delight for all audiences",1
highly recommended as an engrossing story about a horrifying historical event and the elements which contributed to it,1
"every once in a while , a movie will come along that turns me into that annoying specimen of humanity that i usually dread encountering the most the fanboy",1
"the actors pull out all the stops in nearly every scene , but to diminishing effect the characters never change",0
"clever and unflinching in its comic barbs , slap her is a small but rewarding comedy that takes aim at contemporary southern adolescence and never lets up",1
i firmly believe that a good video game movie is going to show up soon i also believe that resident evil is not it,0
"flat , but with a revelatory performance by michelle williams",0
"a laughable or rather , unlaughable excuse for a film",0
reeks of rot and hack work from start to finish,0
two tedious acts light on great scares and a good surprise ending,0
"it 's sweet , harmless , dumb , occasionally funny and about as compelling as a fishing show",0
strange and beautiful film,1
really quite funny,1
"cattaneo should have followed the runaway success of his first film , the full monty , with something different",0
"a brutal and funny work nicole holofcenter , the insightful writer director responsible for this illuminating comedy does n't wrap the proceedings up neatly but the ideas tie together beautifully",1
equal parts bodice ripper and plodding costume drama,0
turns so unforgivably trite in its last 10 minutes that anyone without a fortified sweet tooth will likely go into sugar shock,0
"a burst of color , music , and dance that only the most practiced curmudgeon could fail to crack a smile at",1
"a gripping movie , played with performances that are all understated and touching",1
the entire movie establishes a wonderfully creepy mood,1
sen 's soap opera ish approach undermines his good intentions,0
"warm water under a red bridge is a quirky and poignant japanese film that explores the fascinating connections between women , water , nature , and sexuality",1
"there 's just no currency in deriding james bond for being a clich d , doddering , misogynistic boy 's club",0
the film lapses too often into sugary sentiment and withholds delivery on the pell mell pyrotechnics its punchy style promises,0
fincher 's camera sense and assured pacing make it an above average thriller,1
"there is no psychology here , and no real narrative logic just a series of carefully choreographed atrocities , which become strangely impersonal and abstract",0
everything was as superficial as the forced new jersey lowbrow accent uma had,0
"rarely has skin looked as beautiful , desirable , even delectable , as it does in trouble every day",1
"those who love cinema paradiso will find the new scenes interesting , but few will find the movie improved",1
a manipulative feminist empowerment tale thinly posing as a serious drama about spousal abuse,0
this is nothing but familiar territory,0
a soulless jumble of ineptly assembled cliches and pabulum that plays like a 95 minute commercial for nba properties,0
"abandon spends 90 minutes trying figure out whether or not some cocky pseudo intellectual kid has intentionally left college or was killed the only problem is that , by the end , no one in the audience or the film seems to really care",0
"like the world of his film , hartley created a monster but did n't know how to handle it",0
there are just too many characters saying too many clever things and getting into too many pointless situations where 's the movie here \?,0
friday after next has the same problem that next friday did it 's called where 's chris tucker when you need him \?,0
"there are moments in this account of the life of artist frida kahlo that are among cinema 's finest this year unfortunately , they 're sandwiched in between the most impossibly dry account of kahlo 's life imaginable",1
"you watch for that sense of openness , the little surprises",1
"passion , lip synching , tragedy , and lots of really really high notes for me , this opera is n't a favorite , so it 's a long time before the fat lady sings",0
"some writer dude , i think his name was , uh , michael zaidan , was supposed to have like written the screenplay or something , but , dude , the only thing that i ever saw that was written down were the zeroes on my paycheck",0
comes off like a bad imitation of the bard,0
"nothing here seems as funny as it did in analyze this , not even joe viterelli as de niro 's right hand goombah",0
"passionate , irrational , long suffering but cruel as a tarantula , helga figures prominently in this movie , and helps keep the proceedings as funny for grown ups as for rugrats",1
"this is the kind of movie that you only need to watch for about thirty seconds before you say to yourself , 'ah , yes , here we have a bad , bad , bad movie '",0
do n't hate el crimen del padre amaro because it 's anti catholic hate it because it 's lousy,0
a mess,0
a yawn provoking little farm melodrama,0
a stunning and overwhelmingly cogent case for kissinger as a calculating war criminal,1
parris' performance is credible and remarkably mature,1
"this little film is so slovenly done , so primitive in technique , that it ca n't really be called animation",0
'cq may one day be fondly remembered as roman coppola 's brief pretentious period before going on to other films that actually tell a story worth caring about,0
i'm not exactly sure what this movie thinks it is about,0
you could easily mistake it for a sketchy work in progress that was inexplicably rushed to the megaplexes before its time,0
"a fast paced , glitzy but extremely silly piece",0
"it 's easy to be cynical about documentaries in which underdogs beat the odds and the human spirit triumphs , but westbrook 's foundation and dalrymple 's film earn their uplift",1
"i'm afraid you wo n't get through this frankly fantastical by the numbers b flick with just a suspension of disbelief rather , you 'll have to wrestle disbelief to the ground and then apply the chloroform soaked handkerchief",0
"a disaster of a drama , saved only by its winged assailants",0
well shot but badly written tale set in a future ravaged by dragons,0
"the movie is so contrived , nonsensical and formulaic that , come to think of it , the day old shelf would be a more appropriate location to store it",0
the observations of this social economic urban environment are canny and spiced with irony,1
"like the english patient and the unbearable lightness of being , the hours is one of those reputedly unfilmable novels that has bucked the odds to emerge as an exquisite motion picture in its own right",1
"a dark , dull thriller with a parting shot that misfires",0
what could have been a pointed little chiller about the frightening seductiveness of new technology loses faith in its own viability and succumbs to joyless special effects excess,0
"with few respites , marshall keeps the energy humming , and his edits , unlike those in moulin rouge , are crisp and purposeful without overdoing it",1
a riveting documentary,1
"flat out amusing , sometimes endearing and often fabulous , with a solid cast , noteworthy characters , delicious dialogue and a wide supply of effective sight gags",1
a chaotic panorama that 's too busy flying a lot of metaphoric flags,0
"the secrets of time travel will have been discovered , indulged in and rejected as boring before i see this piece of crap again",0
"the following things are not at all entertaining the bad sound , the lack of climax and , worst of all , watching seinfeld \( who is also one of the film 's producers \) do everything he can to look like a good guy",0
just a bunch of good actors flailing around in a caper that 's neither original nor terribly funny,0
summer 's far too fleeting to squander on offal like this,0
"a stupid , derivative horror film that substitutes extreme gore for suspense",0
"despite the fact that this film was n't as bad as i thought it was going to be , it 's still not a good movie",0
the darker elements of misogyny and unprovoked violence suffocate the illumination created by the two daughters and the sparse instances of humor meant to shine through the gloomy film noir veil,0
"martin and barbara are complex characters sometimes tender , sometimes angry and the delicate performances by sven wollter and viveka seldahl make their hopes and frustrations vivid",1
"it 's not like having a real film of nijinsky , but at least it 's better than that eponymous 1980 biopic that used soap in the places where the mysteries lingered",1
a complete waste of time,0
i kept wishing i was watching a documentary about the wartime navajos and what they accomplished instead of all this specious hollywood hoo ha,0
no amount of blood and disintegrating vampire cadavers can obscure this movie 's lack of ideas,0
"a moving tale of love and destruction in unexpected places , unexamined lives",1
"by the miserable standards to which the slasher genre has sunk , actually pretty good of course , by more objective measurements it 's still quite bad",0
"a captivatingly quirky hybrid of character portrait , romantic comedy and beat the clock thriller",1
"the sort of picture in which , whenever one of the characters has some serious soul searching to do , they go to a picture perfect beach during sunset",0
it 's a lovely film with lovely performances by buy and accorsi,1
as steamy as last week 's pork dumplings,0
"director lee has a true cinematic knack , but it 's also nice to see a movie with its heart so thoroughly , unabashedly on its sleeve",1
abandons all pretense of creating historical context and waltzes off into a hectic soap about the ups and downs of the heavy breathing between the two artists,0
to call this film a lump of coal would only be to flatter it,0
i wish it would have just gone more over the top instead of trying to have it both ways,0
its generic villains lack any intrigue \( other than their funny accents \) and the action scenes are poorly delivered,0
"it 's a prison soccer movie starring charismatic tough guy vinnie jones , but it had too much spitting for me to enjoy",0
a noble failure,0
"very amusing , not the usual route in a thriller , and the performances are odd and pixilated and sometimes both",1
"a warm , funny , engaging film",1
there 's enough melodrama in this magnolia primavera to make pta proud yet director muccino 's characters are less worthy of puccini than they are of daytime television,0
"comes off more like a misdemeanor , a flat , unconvincing drama that never catches fire",0
"that neither protagonist has a distinguishable condition hardly matters because both are just actory concoctions , defined by childlike dimness and a handful of quirks",0
"like smoke signals , the film is also imbued with strong themes of familial ties and spirituality that are powerful and moving without stooping to base melodrama",1
what saves this deeply affecting film from being merely a collection of wrenching cases is corcuera 's attention to detail,1
"if you 're not a prepubescent girl , you 'll be laughing at britney spears' movie starring debut whenever it does n't have you impatiently squinting at your watch",0
the comedy death to smoochy is a rancorous curiosity a movie without an apparent audience,0
"rife with the rueful , wry humor springing out of yiddish culture and language",1
"filmmakers who can deftly change moods are treasures and even marvels so , too , is this comedy about mild culture clashing in today 's new delhi",1
"that storytelling has value cannot be denied not even solondz 's thirst for controversy , sketchy characters and immature provocations can fully succeed at cheapening it",1
returning director rob minkoff and screenwriter bruce joel rubin have done a fine job of updating white 's dry wit to a new age,1
"the large frame imax camera lends itself beautifully to filming the teeming life on the reefs , making this gorgeous film a must for everyone from junior scientists to grown up fish lovers",1
"for those for whom the name woody allen was once a guarantee of something fresh , sometimes funny , and usually genuinely worthwhile , hollywood ending is a depressing experience",0
"extreme ops exceeds expectations good fun , good action , good acting , good dialogue , good pace , good cinematography",1
"a highly intriguing thriller , coupled with some ingenious plot devices and some lavishly built settings it 's a worthwhile tutorial in quantum physics and slash dash",1
"the principals in this cast are all fine , but bishop and stevenson are standouts",1
"while the film shuns the glamour or glitz that an american movie might demand , scherfig tosses us a romantic scenario that is just as simplistic as a hollywood production",0
"displaying about equal amounts of naivet , passion and talent , beneath clouds establishes sen as a filmmaker of considerable potential",1
"elicits more groans from the audience than jar jar binks , scrappy doo and scooby dumb , all wrapped up into one",0
at best this is a film for the under 7 crowd but it would be better to wait for the video and a very rainy day,0
"demonstrates the unusual power of thoughtful , subjective filmmaking",1
"broder 's screenplay is shallow , offensive and redundant , with pitifully few real laughs",0
"a subtle , poignant picture of goodness that is flawed , compromised and sad",1
"the three leads produce adequate performances , but what 's missing from this material is any depth of feeling",0
"a lovely film elegant , witty and beneath a prim exterior unabashedly romantic hugely enjoyable in its own right though not really faithful to its source 's complexity",1
"this film is an act of spiritual faith an eloquent , deeply felt meditation on the nature of compassion",1
"it 's an old story , but a lively script , sharp acting and partially animated interludes make just a kiss seem minty fresh",1
"the story has its redundancies , and the young actors , not very experienced , are sometimes inexpressive",0
"painful to watch , but viewers willing to take a chance will be rewarded with two of the year 's most accomplished and riveting film performances",1
a thoroughly entertaining comedy that uses grant 's own twist of acidity to prevent itself from succumbing to its own bathos,1
"unfortunately , carvey 's rubber face routine is no match for the insipid script he has crafted with harris goldberg",0
